1;Lyons-Walter;1997;1335584;Brown, Conway and Williams
2;Ewing, Gilbert and Levine;2015;1724683;Gray-Ray
3;Hartman-Brown;1976;6154912;Terry Ltd
4;Edwards, Atkinson and Flores;1990;4970941;Green PLC
5;White PLC;2007;4766757;Haney, Hicks and Lopez
6;Duran-Yang;1975;846462;Brown, Bowen and Brown
7;Carpenter Group;2023;6280605;Decker, Fields and Miller
8;Jones, Vasquez and Saunders;2003;7838768;Mcintosh, Garcia and Todd
9;Harris, Guerrero and Freeman;2013;1995277;Brown-Zamora
10;Phillips-Alvarez;2013;5985469;Anderson-Robinson
11;Johnson, Morris and Boyer;2008;3143575;Riddle and Sons
12;Orozco-Vasquez;2020;408074;Jones-Diaz
13;Day Group;1985;4484392;Guzman-Bates
14;Ortega Inc;1979;3869690;Deleon, Clark and Hood
15;Williams LLC;2000;6102035;Sanders-Guzman
16;Hood, Jones and Gonzalez;1983;3847827;Barber-Cook
17;Hayes-Torres;2005;6358652;Mahoney-Johnson
18;Brown-Herrera;1998;1239009;Herring, King and Hubbard
19;Conway, Vasquez and Campbell;2014;3348040;Williams Inc
20;Hogan Group;2016;1484717;Davis-Kennedy
21;Logan-Lopez;2010;3106132;Cox-Lee
22;Pierce-Schmidt;1976;3233152;White Inc
23;Parsons, Wiggins and Andrews;2004;1736319;Larson Inc
24;Butler Group;1993;2177503;Steele Inc
25;Williams, Brown and Payne;1995;2904352;Rodgers and Sons
26;White-Larson;2011;7644176;Walker-Johnson
27;Perry, Davis and Miranda;2001;7783455;Sims-Dixon
28;Thompson, Turner and Lawrence;1981;2937495;Glass Inc
29;Russell, Fisher and Fox;2010;7353027;Davis-Bird
30;Robinson LLC;1983;8882583;Montgomery Inc
31;Perez Group;1980;3592849;Lopez, Raymond and Rodriguez
32;Williams, Burns and Lynch;1986;4135481;Burns-Munoz
33;Scott PLC;1992;7489294;Wilson and Sons
34;Miller, Johnson and Mclaughlin;2003;4615443;Goodwin, Herrera and Smith
35;Chen-Lopez;1988;716844;Cantu, Becker and Newman
36;Young, Moore and Jackson;1999;2474882;Rodriguez-Gonzalez
37;Mccarty-Watts;1979;7465120;Savage-Graham
38;Mann PLC;2002;419762;Mata, Ryan and Morales
39;Holt-Porter;2000;2199639;Dunn-Cobb
40;Jimenez, Casey and Hernandez;1994;8383132;Silva LLC
41;Montgomery, Wilson and Warner;2010;5936441;Norman, Floyd and West
42;Durham, Collins and Smith;1980;2700873;Davenport, Freeman and Phillips
43;Christensen-Zamora;1994;8128643;Crawford-Crawford
44;Chavez-Brock;2017;4997326;Hill, Jackson and Williamson
45;Montgomery Inc;2013;2915991;Williams, Henry and Reed
46;Pena, Garrett and Bolton;1983;4187168;Boone and Sons
47;Farrell-Barnes;1974;1400814;Williams-Odonnell
48;Allen-Floyd;1979;6879347;Rogers, Lutz and Kelly
49;Garcia-Anderson;1980;8018346;Cunningham-King
50;Stevens, Hernandez and Holmes;2016;5100701;Lopez, Hatfield and Parker
51;Gibson-Smith;1973;3607573;Robinson, Taylor and Gaines
52;Mahoney-Payne;2018;7009648;Williams Group
53;Phillips-Alexander;1991;8284122;Gardner, Brown and Hall
54;Chapman-Phillips;1980;6912206;Leonard Ltd
55;Crawford, Williams and Gonzales;2017;3743660;Anderson Group
56;Hall PLC;2006;5692965;Martin, Cole and Hill
57;Davis, Smith and Jones;1983;8832234;Smith, Hayes and Jackson
58;Chambers PLC;2016;8136644;Solomon-Hayes
59;Wright-Martin;1978;7877137;Montoya-Russell
60;Carter-Smith;1991;7787616;Hubbard, May and Collins
61;Hancock PLC;1990;7593027;Lawrence-Haney
62;Avila and Sons;2006;3837074;Carroll Inc
63;Harris, Black and Foster;2018;628881;Davis, Wilson and Santana
64;Bradley-Miller;1975;3540855;Leon PLC
65;Lee, Johnson and Porter;1992;3870975;Flowers, Wright and Lewis
66;Jones and Sons;1977;4766348;Phillips-Craig
67;Williams-Mays;2006;3249974;Young, Fisher and Rivera
68;Mcdonald Ltd;2006;4222013;Walters-Cruz
69;Chapman PLC;1990;4004832;Mullins, Collins and Alvarez
70;Barnett, Silva and Thompson;2007;1590873;Carlson Group
71;Ford, Huffman and Barnett;1972;35813;Hunt-Vega
72;Bond Ltd;1979;8337391;Olsen, Rodriguez and Graham
73;Powell, Small and Bush;2020;6361545;Wilson Group
74;Wolf, Curtis and Mccall;1986;3668775;Wright-Brown
75;Smith and Sons;1972;5117721;Perez-Hill
76;Williams, Moreno and Harrison;1980;2900350;Berg-Lopez
77;Frazier Inc;2016;482400;Jones Ltd
78;Adams-Ward;2005;3428063;Smith Inc
79;Dunn, Coleman and Jennings;2009;1105718;Miles-Johnson
80;Mcdaniel, Miller and Campbell;2012;6371658;Morrison-Wolf
81;Harris LLC;1970;4010271;Martin and Sons
82;Carpenter, Oliver and Morales;1998;4239920;Martinez, Singleton and Murphy
83;Ortiz PLC;2011;5240550;Davis-Lara
84;Frazier-Knight;1979;4875151;Lyons LLC
85;Gomez, Sandoval and Hess;2016;7373505;Thomas-Butler
86;Dunn Group;2017;651774;Reynolds Ltd
87;Jones and Sons;2008;4451003;Henderson LLC
88;Thompson Group;2020;6759326;Kelly-Wilkins
89;Harper and Sons;1982;7935819;Moore-Scott
90;Garner Group;1997;5973662;Marquez-Pitts
91;Wilson LLC;2010;6553871;Hoffman-Hall
92;Long LLC;2007;8655626;Fisher Inc
93;Munoz Ltd;2014;1532826;Camacho-Martinez
94;Johnson, Delacruz and Oneill;1975;4178604;Holloway, Grant and Knight
95;Johnson, Sparks and Robertson;2016;184067;Morris Inc
96;Gonzalez PLC;2010;547923;Lindsey, Miller and Mills
97;Rowe Inc;1979;2805131;Gomez PLC
98;Morton, Miller and Jones;1996;8569442;Frye Inc
99;Williams LLC;2014;1518554;Villarreal PLC
100;Morton-Weaver;1994;3074710;Tucker Ltd
101;Martinez Group;2009;2500025;Ramirez-Jones
102;Castro LLC;1993;642220;Smith-Pratt
103;Marsh-Edwards;2002;879467;Bond-Serrano
104;Berg PLC;1993;1547887;Wright Ltd
105;Whitehead Ltd;1992;7888046;Fischer Group
106;Lee Ltd;2002;6155498;Lewis Ltd
107;White-Marshall;1980;5547559;Dorsey Group
108;Wood Ltd;2012;427763;Martin, Frost and Nolan
109;Sanchez-King;2016;820817;Weber-Bailey
110;Young-Hanson;1976;3746912;Wolf-Ramirez
111;Perry-Powell;1976;4443453;Blair-Bradshaw
112;Marshall-Johnston;1997;2585691;Petty Inc
113;Smith-Hernandez;2015;8794814;Wise-Dunn
114;Duffy, Hooper and Williams;1970;7101105;Carter, Ramos and Chen
115;Petersen PLC;1996;4624630;Hunt-Smith
116;Martinez, Collins and Lopez;1998;3061718;Price-Lambert
117;Clark Inc;2017;7236976;Rodriguez Group
118;Allen-Daniels;2003;6469701;Lynch, Crawford and Gray
119;Allen Ltd;1998;814307;Thompson, Cook and Martinez
120;Thompson-Howard;2015;3997600;Morgan, Nicholson and Long
121;Perez Ltd;1982;4693915;Villa-Ashley
122;Mcconnell Inc;1986;8400286;Decker-Taylor
123;Perez Group;2000;522144;Contreras-Cole
124;Sweeney-Jackson;1970;1632038;Medina-Rodriguez
125;Brown-Harding;1990;714713;Wilson, Tucker and Smith
126;Collins, Smith and Carlson;2005;3036356;Powers PLC
127;Combs PLC;2001;4052003;Rollins, Caldwell and Thompson
128;Nguyen-Morgan;1980;5610446;Chambers-Mitchell
129;May, Horton and Montoya;2012;2418403;Jones, Jones and Sellers
130;Hamilton, Brown and Taylor;1994;4348867;Rich, Weeks and Johnson
131;Riley Group;1974;4907922;Thompson-Salinas
132;Johnson-Hoffman;1991;8085272;Cortez, Underwood and Cochran
133;Austin-Martinez;2005;128664;Myers Ltd
134;Davis-Harrison;2003;1326744;Zuniga, Gomez and Joyce
135;Richardson, Murray and Wolfe;2009;1514359;Thompson, Ford and Fernandez
136;Keith, Torres and Gates;2003;7065368;Parsons-Reynolds
137;Mosley Inc;1998;4290393;Richardson-Bradley
138;Ramirez, Harrison and Peterson;1994;5035745;Robinson, Long and Harris
139;Spencer-Clayton;2000;7404590;Herrera, Wilson and Chang
140;Smith, Conner and Yu;1999;27864;Fisher, Jimenez and Taylor
141;Buck, Gibbs and Bennett;1994;3950922;Mcdonald PLC
142;Pierce-Frank;2002;8852119;Gilmore-Woods
143;Cortez, Acosta and Morales;1999;8686694;Walker, Wong and Herring
144;Perez-Cooper;2020;6907181;Baker Ltd
145;Mcdonald and Sons;2006;1723418;Powell, Osborn and Shah
146;Bennett-Hunter;1971;8583579;Richmond, Shaffer and Hill
147;Riley-Berg;1998;4681625;Berry and Sons
148;Harris, Luna and Woods;1991;5068231;Gallagher Ltd
149;Calhoun-Young;1995;5981745;Clark-Greer
150;Davis-Douglas;2006;5090762;Davenport-Shepard
151;Massey, Baldwin and Parker;1987;2817760;Haley-Sanders
152;Lloyd Group;1987;473658;Long, Guerrero and Peterson
153;Smith PLC;1972;3526944;Bennett-Reese
154;Tran Inc;2004;1305118;Nguyen, Clark and Edwards
155;Blevins Inc;1976;230032;Davenport-Jones
156;Carter, Rodriguez and Lewis;1992;4090864;Hanna, Petty and Rhodes
157;Blake Inc;2014;407281;Murphy PLC
158;Hernandez, Randall and Harris;2015;6785754;Sanchez, Williams and Garcia
159;Mitchell Group;2008;3112449;Kennedy Group
160;Bush Group;1993;5108018;Morris Inc
161;Bell-Gonzalez;1983;6815724;Long Group
162;Gray, Lawson and Huerta;2010;821388;Fischer Group
163;Pena Group;2010;8047734;Carr, Garza and Graves
164;Briggs and Sons;1992;2361080;Johnson Group
165;Monroe-Tanner;1984;2172028;Wallace, Huber and Williams
166;Cook Ltd;2006;8338644;Guzman-Colon
167;Gomez-Wilson;2014;1743184;Alexander, Lee and Cisneros
168;Burns and Sons;2009;8705831;Jenkins-Hendrix
169;Long, Watkins and Evans;2007;1208753;Garza Inc
170;Rivers-Garcia;2005;4239056;Hayes-Ho
171;Walton-Archer;2000;5693091;Nichols, Ford and Mccullough
172;Pearson Group;1980;2639727;Baldwin Inc
173;Davis-Durham;2010;4492693;Stanley-Morales
174;Peterson-Stevens;1984;834835;Riddle Group
175;Bright-Farrell;2019;2705854;Mccarthy and Sons
176;Eaton-Anderson;1976;8238342;Kelly-Johnson
177;Ponce-Cantrell;1984;5026930;Wade-Wilson
178;Mccarty Inc;1985;6779076;Walker, Garcia and Jefferson
179;Weber Group;2023;4090979;Patrick Ltd
180;Donovan-Rogers;2017;5334173;Cooley, Fitzpatrick and Morales
181;Nguyen, Rivera and Mccann;1992;5903495;Nguyen-Snyder
182;Stuart, Dougherty and Carney;2018;5112926;Savage, Reed and Mathis
183;Bauer-Foster;1983;1054222;Collins, Young and Martinez
184;Glover, Ramos and Brown;2003;6448631;Davis Ltd
185;Parks-Goodman;2012;3152715;George Group
186;Williams-Thompson;2003;8864593;Davis-Hardy
187;Dunn, Rodriguez and Hopkins;2022;8410473;Harrison, Kelly and Mercer
188;Kim LLC;2014;4214051;Perez Group
189;Graham-Contreras;2014;1597981;Carlson Ltd
190;Davis, Kelley and Mccarthy;1988;8329119;Ford LLC
191;Moore-Ford;1999;840351;Williams, Le and Payne
192;Murphy Inc;2017;3982319;Harris and Sons
193;Hunter, Moreno and Perez;2004;8693494;Reynolds, Walker and Williams
194;Young Group;1982;5132969;Clayton, Wilkins and Romero
195;Tucker Group;2010;7250085;Mcguire PLC
196;Hansen-Fry;1975;452049;Lopez, Harris and Bean
197;Edwards, Johnson and Morris;1976;3920326;Powers-Rollins
198;Lindsey-Mendoza;2001;6501835;Holt Ltd
199;Benson-Jennings;2020;5604660;Scott, Smith and Torres
200;Berg, Guzman and Freeman;1971;4301168;Thomas, Miller and Kennedy
201;Perez, Osborne and Gray;1996;7149404;Cooke-Gray
202;Harper Ltd;2010;1586912;Gray LLC
203;Casey PLC;2003;3506841;Cline and Sons
204;Lewis LLC;2012;8105557;West, Bradshaw and Mays
205;Johnson, Sanchez and Miller;1997;3157346;Eaton, Vincent and Saunders
206;Williamson, Dunn and Brown;1977;2134963;Duran-Melton
207;Hughes, Hudson and Love;1978;1195953;Burnett Ltd
208;Morgan-Hull;2019;3646262;Carter, Cortez and Franco
209;Wright-Beasley;2013;7972013;Reynolds, Harrison and Garcia
210;Snyder LLC;1988;6103004;Montgomery Ltd
211;Wilson, Chapman and Perez;2023;5632350;Thompson, Gentry and Andrews
212;Stone-Mack;2022;5069973;Shepherd LLC
213;Brown Inc;2008;5152281;Stone-Boyer
214;Adams, Soto and Rice;2010;4923634;Bowers-Carr
215;Johnson Inc;2003;6606582;Fuller-Stanley
216;Long-Mccarthy;1999;6786370;Allen PLC
217;Hampton, Castillo and Crawford;1974;8660745;Williams, Hudson and Burton
218;Mercer, Williams and Ross;1982;7740976;Hall, Phillips and Nguyen
219;Gray-Noble;1998;8076227;Marshall, Collins and Morales
220;Rowe Group;1973;8843221;Reyes-Garcia
221;Gonzalez, Smith and Hall;2004;7211034;Marquez, Gonzalez and Brown
222;Wood, Dickerson and Diaz;2020;8440236;Henderson and Sons
223;Mendoza PLC;2021;6752788;Nelson, Gutierrez and Turner
224;Mcclain, Villanueva and Tyler;1990;5301100;Smith Ltd
225;Graves-Benson;1974;1216610;Lewis, Mcclain and Myers
226;Flores, Leonard and Macdonald;2019;913376;Smith Group
227;Smith, Mcgee and Rhodes;2012;8324747;Leonard Group
228;Colon, Solomon and Carter;2009;418466;Johnson-Holmes
229;Garcia, Jones and Morrison;2004;4018346;Hoover-Foster
230;Salazar-Little;1982;8249506;Barton, Butler and Kirk
231;Phillips-Perry;1975;7706061;Monroe-Bryan
232;Brooks Ltd;1997;6260595;Pace, Ramos and Taylor
233;Waller PLC;2011;4503613;Suarez-Rodriguez
234;Travis, Williams and Mcguire;2013;1920096;Pena Ltd
235;Edwards, Santiago and Peterson;1988;2387453;Richardson and Sons
236;James Inc;2008;8430060;Rivera-Johnson
237;Brown, Smith and Carter;1995;8124232;Hall, Barrett and Shepherd
238;Kennedy-Davis;2015;7048404;Jenkins LLC
239;Roth-Ford;2022;1786481;Campbell, Evans and Johnston
240;Adams-Smith;1999;7530163;Boyd Inc
241;Kline-Perry;1986;7529065;Frank, Russell and Lee
242;Horne-Mathis;1977;3796209;Clarke PLC
243;Watson, Wagner and Friedman;2004;3749683;Rodriguez-Thomas
244;Olson Inc;1984;3483318;Moore, Lane and Gonzalez
245;Smith, Edwards and Olson;2015;7553239;Hester-Alvarez
246;Booker, Perry and Morrow;1989;6647778;Harris-Hernandez
247;Jones-Lee;1988;6884473;Orozco-Chang
248;Case Inc;1971;8477590;Berger Ltd
249;Shepherd-Simmons;1984;8255410;Miller Inc
250;Clark, Patel and Thomas;2020;2543865;Stevens-Frazier
251;Nguyen, Rodriguez and Nichols;2014;383416;Wallace LLC
252;Wright, Davis and Rodriguez;2011;3999393;Walker Inc
253;Reese, Peterson and Chavez;2007;8556319;Wilcox and Sons
254;Walter, Carrillo and Anderson;1997;5893871;Martin, Bell and Barnes
255;Hartman-Green;1994;345376;Myers Ltd
256;Huber-White;1988;3055608;Knight, Green and Hall
257;Martin, Stevenson and Sutton;2011;2454804;Peters Inc
258;Greer, Jones and Shelton;2002;6899143;Baxter-Estrada
259;Brandt PLC;1995;4765070;Foster, Campos and Webb
260;Rodriguez, Rodriguez and Allen;1978;7819994;Knight-Hopkins
261;Stone, Rose and Sullivan;1995;566247;Gallagher Inc
262;Lester Group;1983;7927033;Mcguire, Anderson and Myers
263;Dixon-Salazar;1976;6783711;Johnson LLC
264;Gardner and Sons;2021;5880244;Powers-James
265;Mclaughlin, Gentry and Harper;1980;5555759;Wiley, Jones and Williams
266;Casey, Daniels and Li;2019;6415948;Palmer-Johnson
267;Medina Inc;2008;4862987;Harper, Stephens and Jones
268;Moore and Sons;1970;3528354;Graham-Martinez
269;Mcmahon Ltd;2003;6279076;Norton, King and Hood
270;Marshall, Black and Clements;1980;555882;Miller-Baker
271;White-Watson;1983;5553722;Spencer and Sons
272;Garrett, Hopkins and Ross;1987;3698290;Johnson, Smith and Wilson
273;Gibbs, Hunter and Ferguson;1975;4953824;Doyle, Fisher and Anderson
274;Vega-Baldwin;1995;6625429;Jones-White
275;Vargas, Sweeney and Freeman;1972;3169337;Holland Inc
276;Walker, Hill and Clarke;2000;3863929;Braun, Cunningham and Chandler
277;Hall, Bolton and Mueller;2022;3639306;Bennett, Cook and Parsons
278;Harrell, Barton and Kramer;1983;7030344;Owens-Smith
279;Medina and Sons;2019;3054843;Franco-Johnson
280;Hart-Brown;2007;931729;Brooks-Brown
281;Olson, Rodriguez and Wyatt;2005;7057271;Jones Ltd
282;Peterson-Rodriguez;2010;5935055;Young PLC
283;Odonnell, Martinez and Gordon;2016;1657496;Washington, Harris and Fischer
284;Rice PLC;1970;1249686;Singh-Henderson
285;Erickson-Vazquez;2015;5875505;Obrien PLC
286;Moore, Oliver and Schneider;1988;5739416;Ortega, Rowe and Sullivan
287;Robinson, Hampton and Little;2023;4966554;Myers Inc
288;Bryant, Riley and Thomas;1970;7261170;Robinson, Roberson and Sandoval
289;Smith, Adams and Patterson;2008;872671;Eaton Inc
290;Castaneda, Brennan and Larson;1974;5128055;Ortiz, Thomas and Hicks
291;Baird and Sons;1996;5838370;Hernandez, Lopez and Flores
292;Simmons, Mason and Barnett;1987;5937417;Jordan-Phillips
293;Hart-Crosby;2017;7999670;Bush, Johnson and Yang
294;Lee, Williams and Allen;2016;460337;Bennett LLC
295;Hamilton, Solomon and Wu;2004;2935511;Stewart-Perry
296;Trujillo, Savage and Walton;2002;2958961;Bowman-Oliver
297;Kelly LLC;2023;2161111;Lynch-Barton
298;Lloyd Group;1973;778145;Terrell, Bowman and Mosley
299;Davis-Washington;1976;4008259;Chambers PLC
300;Henson, Watson and Turner;1997;7346691;Green, Wood and Edwards
301;Johnson-Gibson;1988;4130659;Horn, Maxwell and Wong
302;White, Beck and Ramos;1994;3517471;Knight-Steele
303;Bailey-Fisher;1995;2490795;Brandt-Johnson
304;Pacheco, Figueroa and Haynes;1989;8192972;Adams Ltd
305;Ford, Brewer and Keith;1989;5563162;Mason and Sons
306;Walker, Webster and Martin;2022;1274940;Fischer, Alvarez and Mathews
307;Obrien PLC;1975;5660463;Bowman-King
308;Bell, Donaldson and Parker;1990;1851695;Joseph Ltd
309;Anderson-Wilson;1989;3638577;Romero-Henderson
310;Simmons-Collins;1978;3203115;Alexander-Ball
311;Barnes-Lee;2003;2666149;Rodriguez-Ingram
312;Dunn, Moss and Conner;2018;6636770;Rivers Ltd
313;Smith Ltd;1991;1696603;Williams-Guzman
314;Gross and Sons;2023;2262858;Beard Group
315;Monroe-Sullivan;1973;387728;Dougherty, Charles and Kelley
316;Ponce LLC;1998;4665257;Myers, Hunter and Shields
317;Bailey, Graves and Thomas;1972;4126339;Lewis Inc
318;Martin Group;1983;8423249;Gonzalez PLC
319;James-Davis;1989;5996637;Gonzales, Miller and Stevens
320;Warner-Delacruz;1973;7530075;Logan-Benson
321;Ford-Phillips;1971;6992929;Adams, Graham and Wolfe
322;Smith, Townsend and Terry;2005;3855266;Thomas-Sullivan
323;Cordova, Mccarty and Randall;1999;4596476;Todd, Wood and Robinson
324;Marshall, Carney and Robertson;1996;6043420;Davis, Hull and Silva
325;Robinson Inc;1970;7792498;Crawford Ltd
326;Watts-Taylor;2015;7058102;Vasquez-Roach
327;Randall Group;1984;3667962;Wood-Anderson
328;Pacheco, Brown and Brown;1987;1913728;Conley-Estrada
329;Vasquez-Roberson;1995;5361076;Schmidt Group
330;Gray Inc;2013;8406603;Trujillo, Chandler and Murphy
331;Pruitt Group;2000;2042986;Powell Inc
332;Blankenship Group;1975;4791166;Johnson LLC
333;Davis and Sons;2014;6137663;Jones-Greene
334;Winters, Armstrong and Irwin;2008;1616555;Gilbert Inc
335;Clark, Myers and Campbell;2003;4133642;Atkins LLC
336;Wise-Grant;1985;5320908;Burke-Murray
337;Moreno Group;1986;1745272;Lambert-Bryant
338;Arnold, Mendoza and Zamora;2000;6460967;Dixon PLC
339;Floyd-Martinez;2017;8744953;Stephens and Sons
340;Johnson Group;2020;3086485;Gray LLC
341;Hawkins-Lee;2017;3021809;Duncan, Martin and Reese
342;Cabrera-Palmer;2004;2031421;Jimenez-Middleton
343;Lee LLC;1985;5904368;Collins, Sullivan and May
344;Johnson, Dorsey and Boyer;1977;3298205;Ramsey, Guerrero and Booth
345;Nelson, Carlson and Jones;2009;4779604;Sims-Wood
346;Scott-Mason;1990;5400382;Joseph, Blair and Williams
347;Johnston, Turner and Christensen;2000;5461642;Henderson-Dorsey
348;Bean and Sons;2020;6249331;Bowman and Sons
349;Gray, Johnson and Evans;2010;6447564;Benson and Sons
350;Dean-Bates;2012;8644254;Fry Ltd
351;Carter LLC;2007;6286815;Strickland, Moore and Fields
352;Gonzalez-Thompson;2017;7477715;Smith, Webb and Roberts
353;Johnson-Cook;2012;5752173;Hernandez, Small and Brooks
354;Choi, Molina and Scott;1981;8602490;Taylor, Gray and Hamilton
355;Brown Ltd;1987;975933;Smith Group
356;Hernandez-Hurst;1971;795618;Daniels-Stein
357;Duncan and Sons;1985;2526103;Gill Inc
358;Martinez Group;2018;4521298;Nguyen, Hill and Grant
359;Wyatt, Walters and Wolfe;1972;1840646;Adams, Burton and Campbell
360;Maldonado-Clark;2023;3323276;Walker, Best and Brown
361;Mayer and Sons;1974;6349843;Anderson, Phillips and Crane
362;Glass Ltd;2013;5623525;Stevens, Cummings and Smith
363;Williams, Hinton and Matthews;2003;120289;Lopez, Strickland and Miller
364;Sampson, Hernandez and Cortez;2017;8492171;Rodriguez-Cisneros
365;Anderson, Acosta and Walters;2011;366445;Mcdowell LLC
366;Ramos-Miller;1974;8153941;Clark, Horton and Wilson
367;Crosby-Poole;2006;4894654;Anderson, Johnson and Salinas
368;Bird Ltd;1997;2823353;Smith-Lloyd
369;Crawford, Thompson and Edwards;2008;1956993;Woods LLC
370;Roberts LLC;1985;706411;Davis-Banks
371;Brown LLC;1978;8276450;Bowen, Hays and Duke
372;Miller, Wood and Taylor;2007;8839582;Dougherty, Gibson and Mcmillan
373;Washington LLC;2020;1602099;Robertson Ltd
374;Gonzalez-Davenport;2022;1286400;Russell, Wallace and Jones
375;Tucker, Baker and Burgess;1985;511004;Strickland Ltd
376;Werner-Wang;2010;6472223;Williams-Rodriguez
377;Stewart-Smith;2013;7412537;Martinez-Norton
378;Lara, Ewing and Massey;2010;4193914;Cherry PLC
379;Schwartz PLC;1986;3428545;Spears Inc
380;Richards, Ortiz and Brown;2019;5280535;Lyons LLC
381;Jones Inc;1991;3654270;Davis-Howard
382;Holloway, Hill and Little;2017;8225270;Pearson Inc
383;Lee, Smith and Mueller;1992;6129700;Smith Inc
384;Rosales-Lewis;2001;526771;Thomas LLC
385;Rogers, Perkins and Kline;1993;5226954;Bean LLC
386;Bartlett and Sons;1994;7492383;Walker-Hunt
387;Ford-Jones;1994;5993375;Hurst, Frederick and Ferguson
388;Anderson Inc;2014;6788464;Smith-Dennis
389;Mitchell-Chambers;1979;6601086;Anderson, Lee and Shields
390;Escobar Inc;2011;6955;Butler-Richards
391;Contreras-Bennett;1971;5353567;Haas, Gross and Salas
392;Williams, Turner and Dixon;1988;6340748;Hill, Shaw and Cummings
393;Perry Group;1987;8144870;Salazar Group
394;Williams PLC;1980;8743920;Conner Ltd
395;Duran-Anderson;1984;2948987;Clark Inc
396;Mathis LLC;1998;7816420;Chaney Inc
397;Smith-Macias;2014;6011554;Black Inc
398;Day-Wilson;1980;3206789;Rollins-Hoffman
399;Watson-Thompson;1979;6449960;Spencer and Sons
400;Downs Group;1996;2898933;Poole, Klein and Love
401;Stone Ltd;2002;7527654;Walters Inc
402;Keith, Gaines and Cabrera;1971;8492077;Chen, Patton and Allen
403;Taylor-Barnes;2021;7727608;Jordan, Morales and Owen
404;Smith, Williams and Dixon;1987;4940237;Franklin-White
405;Oneill, Ross and Barker;1997;3368452;Mitchell-Martin
406;Smith-Wilson;1983;2890992;Freeman, Obrien and Meyers
407;Rodriguez Ltd;2013;4217352;Martinez-Gutierrez
408;Murphy and Sons;1982;7845347;Patterson LLC
409;Martinez, Nichols and Avila;2005;3030516;Whitehead Group
410;Salinas-Lewis;2003;6031684;Johnson-Horton
411;Nichols-Hernandez;2011;4729389;Flores Inc
412;Yates, Sullivan and Fernandez;1984;2731468;Callahan, Odom and Lara
413;Castillo-Alexander;1988;7616226;Burke-Smith
414;Dennis Group;1979;5327085;Lane, Mooney and Nelson
415;Rodriguez PLC;1977;2406644;Chapman-Velez
416;Greer PLC;1982;3905503;Kennedy Group
417;Miller-Glenn;2007;6612753;Lucas, Thompson and Rich
418;Rice Group;2016;3827491;Mccoy PLC
419;Collins-Ball;2014;1565548;Cantrell-Hayes
420;Stevens-Burton;2003;7478049;Martin LLC
421;Young Ltd;2007;3496391;Barton-Austin
422;Vasquez, Goodwin and King;1996;7102834;Henderson-Russo
423;Ward, Bright and Johnson;2010;1515656;Jackson Group
424;Murphy, Horton and Cortez;2018;7974741;Craig, Hodges and Acosta
425;Terry Group;2004;4867195;Perez, Kelly and Parks
426;Nguyen, Benton and Walker;1977;8089226;Singh-Washington
427;Montgomery Group;2006;3126744;Young, Nguyen and Watkins
428;Bradley-Pacheco;1982;152034;Tran-Barron
429;Roberts, Contreras and Robinson;1979;3752112;Gregory-Wiggins
430;Hurley, Campbell and Jones;2013;6043162;Bernard, Barnett and Andrews
431;Atkins Inc;1973;6170112;Craig LLC
432;Bennett LLC;2017;470691;Lopez Group
433;Mitchell, Mathis and Wheeler;2017;3154143;Carlson Inc
434;Martin-Adams;1992;846432;Bennett-White
435;Parker-Mcdowell;2000;8040607;Willis-Christensen
436;Ray and Sons;1993;8101040;Bowman, Hamilton and Rice
437;Barajas and Sons;2006;2017831;Martinez, Barnes and Hall
438;Rivera-Lee;2002;5278919;Vaughn and Sons
439;Collins, Clark and Schneider;2005;1012240;Valdez PLC
440;Anderson-Price;1998;1981536;Flynn-Zamora
441;Sims Ltd;2014;3042393;Thomas PLC
442;Soto, Santos and Robinson;2005;2017406;Padilla and Sons
443;Taylor Group;1997;845968;Meyers Ltd
444;Adams, Doyle and Jones;2021;596590;Arias-Ferguson
445;Lowe, Haynes and Arroyo;1980;451867;Arnold Group
446;Barker Group;1988;7619090;Weeks-Figueroa
447;Daniel-Wagner;2018;2438382;Gonzalez and Sons
448;Jenkins LLC;2017;7117253;Torres, Adams and Mendoza
449;Preston, Adams and Smith;2005;6123619;Davis, Dominguez and Hayes
450;Vincent PLC;1992;7556287;Gill-Cross
451;Conrad LLC;1998;579620;Burgess Group
452;Henry, Acosta and Lin;2023;3320585;Brown-Williams
453;Bryant, Mcmahon and Pena;1979;254112;Garcia LLC
454;Cowan, Campbell and Tucker;2009;8881093;Perkins PLC
455;Graham-May;2005;662055;Krause-Murray
456;Reed-Welch;1984;6954580;Williams, Hayes and Mann
457;Miller Inc;2004;6994670;Kerr-Rogers
458;Perez, Davis and Stein;2012;2815822;Cruz, Graham and Carrillo
459;Mccormick-Ford;2019;7094396;Dunn and Sons
460;Allen-Dickerson;2018;2549137;Conway, Turner and Russell
461;Ball-Herrera;1984;7101804;English, Hughes and Smith
462;Perez, James and Jackson;2012;2800493;Johnson LLC
463;Cox-Price;1987;4129380;Jackson and Sons
464;Harmon-Reeves;2005;5231176;Jones-Le
465;Watson LLC;1988;4724887;Sparks, Rios and Parker
466;Hicks-Burgess;2009;2860864;Nunez and Sons
467;Thomas Group;1977;8139247;Ray, Lopez and Lane
468;Coleman, Dillon and Garcia;2018;5145885;Roberts-Petersen
469;Young LLC;2021;7231547;Gallagher, James and Moore
470;Young LLC;2021;5835063;Lowe Ltd
471;Mathis-Brown;2015;4413060;Montoya-Love
472;Khan Inc;2015;1929165;Fleming, Mcdonald and Walsh
473;Brennan-Shepherd;1995;5523660;Smith-Powell
474;Lam, Mills and Carroll;2019;6811309;Moss Inc
475;Weeks, Perez and Garcia;1985;2622755;Stewart, Day and Collins
476;Davidson-Hart;1991;2206757;Rose, Camacho and Perry
477;Ruiz and Sons;2003;5687757;Cameron-Patterson
478;Patterson LLC;2014;4158275;Rodriguez Inc
479;Banks, Daniels and Spencer;1970;8619861;Tran PLC
480;Brewer Ltd;1987;7611848;Brooks LLC
481;Simpson, Morton and Dawson;1988;795279;Jones PLC
482;Gilbert-Mckee;2016;5429352;Davis, Burns and Pugh
483;Fisher LLC;1983;5963755;Chambers, Holmes and Richardson
484;Williams-Smith;2012;6791617;Martinez Group
485;Rivera, Dunlap and Thomas;2020;3595620;Mcdowell-Gibson
486;Turner-Jones;1983;1599947;Zamora, Jordan and Davis
487;Moreno, Rangel and Thomas;1983;7572385;Cross, Barron and Howell
488;Howell, Walls and Thomas;2009;7340438;Dyer-Hamilton
489;Lyons-Braun;2017;1612503;Young-Peterson
490;Ball LLC;2018;6612729;Nash Ltd
491;Garrett-Schaefer;2007;6387600;Dunlap-Barajas
492;Garcia, Lopez and Sawyer;2005;8136368;Garcia, Collins and Ritter
493;Smith PLC;1971;4758544;Clark Inc
494;Kelley Inc;1978;2908970;Winters-Jacobson
495;Vazquez-Dalton;1979;247632;Wright-Cervantes
496;Sanchez-Wilson;2018;5257670;Jensen-Turner
497;Mcclure Inc;2022;8660505;Mooney-George
498;Wheeler Group;1972;1938149;Reyes Group
499;Charles, Jones and Beasley;1989;1634239;Hill LLC
500;Jackson-Martin;1995;1074410;Nelson-Ford
501;Maddox-Walsh;2018;4214351;Martin LLC
502;Parker-Evans;2014;7701799;Combs and Sons
503;Horn, Carpenter and Martin;1994;5632949;Freeman, Castaneda and Salazar
504;Hernandez-Harris;1972;1598533;Evans, Johnson and Sullivan
505;Alvarez-Gentry;1976;4323295;Brown, Brown and Carpenter
506;Chavez-Gill;1992;270217;Garcia Group
507;Randall, Ross and Diaz;1981;3580373;Larsen-Hernandez
508;Ray Ltd;1992;3452509;Johnson-Smith
509;Watson Ltd;2011;4219733;Carter, Payne and Hudson
510;Smith Inc;1971;6583497;Joseph PLC
511;Foster-Love;2021;8540319;Hoffman and Sons
512;Sullivan-Davis;2022;7552497;Davis and Sons
513;Williams and Sons;2016;2794904;Miller, Ortiz and Williams
514;Gilbert, Sullivan and Rowe;2011;5952434;Moore and Sons
515;Scott Ltd;2007;6442375;Love PLC
516;Diaz, Scott and Dawson;1976;5485404;Anderson LLC
517;Perez-Best;2003;1947622;Miller-Johnson
518;Price Ltd;1995;5710604;Coffey, Harris and Reyes
519;Willis-Williams;1994;6772676;Mcpherson-Carpenter
520;James-Sawyer;1987;2854485;Wilson Group
521;Daniel, Meadows and Cruz;1994;7379753;Diaz, Johnson and Porter
522;Holland Group;1979;1748255;Johnson-Aguilar
523;Curtis-Pena;2013;510186;Alvarez-Coleman
524;Flowers, Holt and Dominguez;2016;288307;Farrell-Lewis
525;Jennings-Mcdonald;1995;7626534;Meyers, Rodriguez and Villarreal
526;Anderson Inc;2001;7554970;Hayden, Hamilton and Rhodes
527;Miller-Sullivan;2017;472318;Wells, Allen and Montes
528;Dickerson LLC;2021;3027602;Tran and Sons
529;Maynard, Campbell and Wood;2006;7067351;Wilson Group
530;Campbell, Ferguson and Waters;2019;4030331;Ross Inc
531;Fletcher-Rodgers;1996;4478091;Aguirre-Miles
532;Bonilla, Stone and Hodge;2006;5067538;Zimmerman PLC
533;Gray, Santana and Rogers;1984;2009168;Frank PLC
534;Dominguez PLC;2007;3109767;Arroyo PLC
535;Pratt-Solomon;1996;5375959;Moody-Stephenson
536;Gray, Williams and Bentley;2005;1466231;Ward LLC
537;Clarke, Peters and Bartlett;2009;5638076;Stein LLC
538;Woods-Rosario;1985;457739;Jones Ltd
539;Anderson-Richards;2004;5965042;Deleon, Fletcher and Ellison
540;Horton, Garrett and Long;1981;5945718;Bennett and Sons
541;Lamb and Sons;1989;3439435;Ramos Ltd
542;Hamilton, Cooper and Miller;1990;4793500;Sanchez Ltd
543;Smith, Madden and Mcgee;1999;816722;Mcpherson, Hall and Good
544;Brown LLC;2008;6413775;Price-Reed
545;Hayes-Hall;1998;3733347;Lawrence PLC
546;Mcdonald-Shepard;1980;6561900;Johnson-Taylor
547;Wheeler, Gallegos and Reid;1988;2219104;Pearson, Wilson and Taylor
548;Williams, Gonzales and Vega;2001;8427468;Beard, Bailey and Cherry
549;Clark Inc;1983;3899669;Bailey-Hobbs
550;Williams, Snow and Kidd;2001;8214324;Miller, Schmidt and Miles
551;Thomas, Hansen and Avery;1990;6216322;Reynolds-Cunningham
552;Reyes, Taylor and Davis;1998;8774825;Anderson-Melendez
553;Lin-King;1998;1487584;Ferguson-White
554;Rogers Inc;2010;2677198;Robinson Inc
555;Moran-Long;2015;3503971;Nguyen, Mata and James
556;Rodriguez-Gutierrez;2014;2006875;Castillo-Smith
557;Boyd Ltd;1976;1051161;Bailey-Taylor
558;Blankenship and Sons;2019;6326776;Rodriguez PLC
559;Smith and Sons;2001;8798984;Porter-Robinson
560;Reyes, Henson and Oconnell;2013;2426156;Ayala-Montgomery
561;Bradley, Mcdonald and Bell;2010;3743245;Pace-Parker
562;Andrews LLC;1996;5240589;Morrison Inc
563;Taylor-Huber;1998;4803919;Mills-Ferguson
564;Downs, Smith and Jensen;2008;7240742;Hoover and Sons
565;Johnson-Collins;1984;3274672;Castillo, Garcia and Garcia
566;Kidd, Williams and Wilson;1981;8580189;Gonzalez-Crawford
567;Nixon-Barrett;1982;7078760;Walker, Logan and Morris
568;Patterson-Wiggins;2013;8016650;Dickson LLC
569;Rodriguez Ltd;1995;996940;Brown-Leonard
570;Kim, Rivera and Maxwell;1980;8449488;Brady-Ayala
571;Ellison-Taylor;1980;4586340;Novak Inc
572;Wilson-Mccall;1972;8738234;Allen-Mooney
573;Cardenas, Carrillo and Gomez;1973;7063386;Hernandez, Rogers and Williams
574;Moore, Oneal and Lowe;1997;2201757;Mcdonald, Owens and Davis
575;Lewis-Rose;1995;2586224;Johnson and Sons
576;Thomas Group;2002;8825148;Shaffer Ltd
577;Vasquez-Schroeder;1980;612919;Jackson-Morris
578;Cook-Robbins;2012;6487606;Vincent-Stewart
579;Conway, Murphy and Rogers;1998;8826618;Guerrero, Shaw and Brooks
580;Ingram and Sons;2000;2352606;Flores-Adams
581;Martinez LLC;1974;2401523;Ruiz, Anthony and Gordon
582;Morales, Howard and Mendez;2015;3223917;Smith-Brown
583;Smith Ltd;1989;6794803;Wallace-Mayo
584;Gomez PLC;1997;2657930;Reilly PLC
585;Vargas LLC;1972;5653033;Rivas Group
586;Rice Group;2018;1246403;Watkins-Owens
587;Brown PLC;1976;8708904;Roberts, Garner and Pacheco
588;Jones, Koch and Schmitt;1972;4634514;Moon LLC
589;Cardenas and Sons;1994;2842452;Diaz-Miller
590;Marsh-Perkins;1974;4633914;Lawson Group
591;Murray-Sanchez;1975;656056;Nguyen-Barnes
592;Jensen and Sons;2006;2708365;Roberts-Park
593;Rodriguez-Lopez;2020;4103323;Hopkins PLC
594;Thompson, Rodriguez and Castro;2022;1411241;Cox, Parker and Banks
595;Payne-Rivers;1985;4366117;Galvan, Bean and Gould
596;Anderson LLC;2011;1814497;Yang-Stark
597;Riley, Walker and Ochoa;2019;617858;Dickerson PLC
598;Scott, Berry and Vega;1983;5577569;Robinson-Washington
599;Kelley-Henry;2007;7150283;Dixon Group
600;Simmons, Garcia and Garcia;1992;4358579;Johnson-Schultz
601;Pugh PLC;2016;4943636;Phillips Ltd
602;Johnson PLC;1972;1407677;Sosa, Thompson and Chambers
603;Patton Inc;2009;6615594;Morton Inc
604;Gay LLC;2013;6808296;Gonzalez-Horn
605;Humphrey, Bright and White;2014;8394508;Gamble-Cruz
606;Cortez PLC;2011;2498868;Burnett-Payne
607;Russell-Jordan;2002;313896;Taylor Inc
608;Ortega, Schmidt and Weaver;2009;2401252;Ware, Fleming and Walker
609;Taylor, Shaffer and Williamson;1971;2837776;Bishop PLC
610;Robinson, Ruiz and Johnson;1984;5596491;Robertson Group
611;Ali, Schmidt and Nichols;1985;8065658;Rowe, Velasquez and Mitchell
612;Black, Walker and Little;1989;8135238;Williams-Henderson
613;Bowers Group;2006;6594811;Miller Group
614;Christensen and Sons;2017;5074789;Rose-Carr
615;Garza, Brown and Page;2014;8211803;Reed, Ward and Morgan
616;Mora and Sons;2010;4758239;Smith-Wilson
617;Anderson Inc;2002;2932111;Mejia-Duarte
618;Brown, Berry and Williams;2021;3283439;Pierce Group
619;Henderson-Dominguez;1995;7087832;Simon, Contreras and Perry
620;Patterson-Horton;1973;4512433;Summers, Higgins and Smith
621;Carter-Wu;2006;8577739;Schaefer, Owen and Patterson
622;Chandler-Williamson;2013;2802058;Hill and Sons
623;Arnold Inc;1975;3141173;Mejia, Turner and Harper
624;Sutton Ltd;2011;2593753;Brown Group
625;Jones, Mahoney and Wilson;1983;7334973;Harper Inc
626;Andersen and Sons;1975;3249736;Adams, Cooke and Gallagher
627;Ruiz, Villarreal and Walsh;2013;231784;Hernandez Group
628;Henry PLC;2014;6541776;Frazier Inc
629;Martinez PLC;1973;2976680;Sutton and Sons
630;Taylor-West;1975;1361081;Dalton Inc
631;Winters, Perkins and Espinoza;2009;1720382;Price-Smith
632;Green, Rodriguez and Gutierrez;2005;6011005;Morgan and Sons
633;Bennett, Curry and Coleman;1997;3909562;Hansen LLC
634;Evans Ltd;2018;1880714;Martinez, Daniels and Harris
635;Garza and Sons;1979;2143380;Davis, Barnett and Stuart
636;Kelly Group;1989;4752948;Thompson-Rose
637;Short Inc;1986;7112569;Mcintyre, Lopez and Walker
638;Butler, Gallegos and Figueroa;1975;4078610;Hunter, Coleman and Williams
639;Torres Ltd;2000;3632824;Valencia, Melton and Sims
640;Nichols, French and Smith;1983;6546112;Hernandez, Thomas and Green
641;Rice, Francis and Walker;1993;1736427;Luna, Parrish and Miller
642;Molina Ltd;2015;1814610;Lucero-Villanueva
643;Gonzales, White and Waller;2004;8741042;Mitchell Ltd
644;Jefferson LLC;2010;5585453;Coffey-Frost
645;Foster-Garcia;1970;6998937;Garcia-Austin
646;Dixon-Walsh;2010;284109;Stephens-Bridges
647;Gomez Ltd;2018;8244335;Ho Ltd
648;Stein-Adams;2012;4584948;Brown-Reeves
649;Wilcox PLC;1976;6822687;Young-Morales
650;Johnson, Watson and Thornton;2008;4806428;Brown, Pitts and Chang
651;Mann-Griffin;1992;974638;Douglas, Mills and Johnson
652;Bentley, Harvey and Ray;2002;6736763;Medina, Payne and Pacheco
653;White-Lyons;2011;6705663;Pena-Simmons
654;Young Inc;1996;1826142;Peters-Lawrence
655;Patel, Davis and Jones;1976;3873369;Diaz-Russell
656;Young and Sons;1986;6552297;Mendoza-Wiley
657;Smith-Long;2020;6834542;Marshall-Wright
658;Byrd-Harris;2006;4033175;Lamb, Nunez and Simon
659;Stewart, Owens and Williams;2002;6062108;Wolf, Lawson and Joseph
660;Velasquez LLC;2020;1621665;Bentley PLC
661;Leonard, Fowler and Sutton;2012;862976;Rowe PLC
662;Miller and Sons;1990;7780264;Patel-Padilla
663;Marsh Inc;2019;6339610;Castillo, Nelson and Hernandez
664;Miller PLC;2003;8085665;Young-Hamilton
665;Brooks and Sons;1982;5689149;Randall-Hardy
666;Ramos Ltd;2004;6000123;Mora, Buck and Lester
667;Sweeney-Acosta;1983;6795554;Morris, Sanchez and Everett
668;Diaz-Yoder;1977;3822831;Calderon, Stark and Blackwell
669;Hurst, Holloway and Walters;1984;8276453;Sloan-Taylor
670;Young Ltd;1977;6352337;Williams and Sons
671;Rodriguez and Sons;2004;2604492;Young PLC
672;Singleton, Michael and Graves;1982;7383374;Thomas, Ortega and Duncan
673;Young-Herring;1982;907541;Burton, Lin and Mcgrath
674;Reed-Johnson;2015;3844431;Sanchez LLC
675;Dixon-Henderson;1996;1229246;Henson, Rodgers and Moore
676;Garza-Barber;1977;8766068;Gordon Group
677;Austin, Medina and Crawford;2012;8811913;Myers Group
678;Peterson, Warner and Barr;1974;6509580;Wilson, Higgins and Phillips
679;Wallace, Rodriguez and White;2018;7641036;Contreras-Powell
680;Daniels, Brown and Phillips;2011;5877854;Carey-Gibson
681;Harris Group;1989;2221356;Pena PLC
682;Martinez, Johnson and Davis;1976;659479;Blake Inc
683;Rose-Johnson;1972;1961617;Mckay-Compton
684;Adams Ltd;1982;1777415;Nelson, Anderson and Allen
685;Rodriguez-Koch;1970;6730408;Schwartz LLC
686;Tran-Parker;2009;6461135;Zuniga Group
687;Gutierrez Inc;1973;1089568;Ortiz, Hays and Ramsey
688;Benson-Alvarez;2016;3064171;Rodriguez, Stark and Campbell
689;Cantrell-Rice;2008;198546;Torres, Johnson and Alvarez
690;Russell, Young and Mitchell;2012;54621;Caldwell-Davis
691;Kelley, Lee and Martin;2018;7408409;Jones Ltd
692;Daniels-Hernandez;2021;7923266;Hughes-Wilson
693;Roberson-Greene;1975;2026741;Williams and Sons
694;Reid-Phillips;1992;1097786;Martinez, Caldwell and Barry
695;Mitchell PLC;1975;3219102;Bradley LLC
696;Page, Best and Horton;1983;6371216;Baker-Ibarra
697;Walker-Robinson;1979;4199671;Jimenez, Brooks and Davis
698;Carpenter-Graham;1971;5444;Smith, Holloway and Boyle
699;Bates-Wilson;2021;4666859;Baker, Joseph and White
700;Anderson, Russell and Johnson;1994;5733133;Johnson Ltd
701;Smith-Chapman;1991;6340146;Simpson-Thomas
702;Sosa Inc;1985;3169895;Jennings-Solomon
703;Harris, Moore and Austin;2019;670486;Lawson LLC
704;Mullins Inc;2005;4341970;Ford, Hendrix and Fowler
705;Schneider Group;1985;7966913;Oconnell, Walker and Williams
706;Ball, Price and Brown;2016;61716;Vargas-Jackson
707;Tran-Anderson;1991;8598559;Mcdowell Inc
708;Villegas-Norton;1987;6620594;Mahoney-Lopez
709;Harris, Brewer and Bell;2003;8617365;Chavez-Burke
710;Mccoy PLC;1973;7001435;Williams, Brooks and Zhang
711;King-Smith;1991;3922379;Barry, Green and Miller
712;Johnson, Benson and Knight;2014;242130;Rowland-Padilla
713;Schneider-Noble;1973;2655174;King-Mays
714;Brown PLC;1999;608095;Lopez, Zimmerman and Mcdonald
715;Campos-Ball;1995;5383549;Williams, Bennett and Carlson
716;Moore-Smith;1973;6698786;Carson, Warner and Chen
717;Thompson Ltd;1984;2734654;Fletcher, Wilkins and Ward
718;Rodriguez, Hart and Cochran;1971;8775329;Murphy, Sullivan and Castaneda
719;Morton PLC;2021;4978;Ray PLC
720;Cannon-Schwartz;2001;1104736;Warren, Russo and Hardy
721;Matthews, Anderson and Roberts;2021;2129504;Fuller, Jones and Alexander
722;Miller-Skinner;1979;925918;Alvarado-Roberson
723;Maldonado PLC;1970;5535302;Gonzalez-Sawyer
724;Poole-Morgan;1990;8127326;Schmidt-Fitzgerald
725;Brown-Carey;1983;8140844;Golden, Martinez and Lambert
726;Hanna, Gallagher and Browning;1984;4337514;Forbes, Anderson and Gutierrez
727;Clark PLC;1986;3837744;Torres Ltd
728;Cox-Parker;1972;4113115;Aguirre LLC
729;Clarke, Cox and Avery;2014;6382503;Harris, Mcgee and Green
730;Stokes, Nunez and Cole;2015;6135780;Clark-Stewart
731;Warren Group;2004;503331;Perkins Group
732;Ross-Davidson;2000;5243481;Brown LLC
733;Bender Ltd;2015;7661361;Johnson, Mccann and Montoya
734;Burns Ltd;1979;6950055;Martinez-Herrera
735;Gray Inc;1999;6063684;Pennington-Brown
736;Russell LLC;2005;5752842;Silva, Williams and Carter
737;Strickland-Nolan;1982;3992241;Johnson Ltd
738;Rodriguez, Ford and Morgan;1976;5949202;Martinez, Brown and Horton
739;Mccoy PLC;1982;6854453;Gonzalez, Evans and Rosario
740;Harvey, Green and Lee;1975;2482948;Williams Inc
741;Harris PLC;1999;3172131;Jones Ltd
742;Smith-English;2019;7588797;Johnson-Kelley
743;Carter-Hernandez;1982;757191;Smith, Walters and Chandler
744;Turner, Price and Gordon;2006;4501120;Zimmerman Ltd
745;Hall-Lowe;1976;7154384;Brown-Kline
746;Armstrong-Krause;2011;1726236;Lawson, Wallace and Smith
747;Dickerson-Sandoval;1970;6227036;Nguyen-Ramirez
748;Wallace, Smith and Dalton;2021;4363960;Clay-Thomas
749;Coleman, Ball and Jones;2000;6256957;Mueller-Church
750;Willis-Stone;1977;5207874;Bradley-Cameron
751;Reeves-Richard;1976;3851140;Frye Inc
752;Santana, Salazar and Wise;1988;6464171;Riley, Stevens and Ryan
753;Gillespie PLC;1975;2449482;Mack, Hernandez and Meza
754;Baker, Harper and Ferguson;1983;2321297;Harris-Mendez
755;Harrison-Alexander;2022;3439486;Nelson PLC
756;Matthews PLC;1974;3596259;Sanford and Sons
757;Wilson-Petty;1973;5027633;Beltran, York and Robinson
758;Pennington, Aguilar and Golden;1995;2366853;Pearson Inc
759;Tucker and Sons;1993;7262882;Harrell-Hernandez
760;Brooks Inc;2020;6021072;Davis-Short
761;Osborn, Mata and Orr;2019;5636060;Webster, Mclean and Smith
762;Manning, Cook and Hammond;2006;5053783;Francis, Gross and Price
763;Johnson Group;1985;1827873;Ramirez, Howard and Hardin
764;Johnson, Arnold and Fernandez;1994;1935822;Ingram, Fisher and Davis
765;Young-Carlson;1972;8084595;Hunt-Lindsey
766;Mcdowell-Mata;1973;71177;Jones-Vance
767;Wilson-Hampton;1998;1353131;Lester-Fowler
768;Thompson Group;2023;1219857;Thompson LLC
769;Hicks-Cruz;1980;8843338;Barr, Diaz and Gomez
770;Martin, Travis and Young;2013;6800388;Hunt-Crawford
771;Manning, Fleming and Bell;1972;8486966;Hoffman-Hughes
772;Shaw, Alvarez and Coffey;1974;1541;Gibbs-Barron
773;Edwards Inc;1982;306643;Simpson-Santiago
774;Luna, Williams and Steele;1970;6812101;Norris LLC
775;Lee and Sons;1986;7847317;Adkins and Sons
776;Holland-Smith;1989;6033267;Johnson, Robinson and Smith
777;Randall, Thompson and Lambert;2003;4228363;Chan Ltd
778;Gay, Johnson and Torres;1974;2912525;Miller Inc
779;Barrera Group;2003;8339017;Chapman Inc
780;Schroeder-Morris;2009;848308;Mccormick-Jones
781;Thomas, Barnes and Padilla;1999;3705964;Williams-Rodriguez
782;Pena-Miller;2004;123931;Lewis Inc
783;Howell Ltd;1970;40695;Vasquez, Grant and Conner
784;Vargas-Boyle;1976;5110315;Ward-Hernandez
785;Joseph, Santiago and Mcdonald;2018;7611003;Kennedy, Norton and Robinson
786;Lewis, Cooper and Lucero;1987;2891112;Foster, Kaiser and Serrano
787;Hodge Inc;2022;7471761;Smith PLC
788;Hamilton Group;2011;7848444;Morgan-Sullivan
789;Wright Inc;1992;6604331;Johnson, Neal and Hernandez
790;Simmons-Freeman;2006;1882945;Villarreal-Conley
791;Mendoza-Brandt;1988;6640125;Salas-Murphy
792;Lewis Ltd;1999;4347010;Wise-Jimenez
793;Kennedy, Meyer and Henderson;1974;6401553;Thompson-Ortiz
794;Frank-Lewis;1998;340142;Burke, Reynolds and Newman
795;Hunt Group;2016;6051270;Cole LLC
796;Kennedy, Smith and Escobar;2008;1211341;Conner, Brown and Hess
797;Webb-Beasley;2006;5257108;Smith, Campbell and Alvarez
798;Cook and Sons;1973;3373099;Harper Group
799;Perez Inc;2000;2471973;Huff, Rogers and Rojas
800;Bradley-Silva;2007;6329730;Russell and Sons
801;Carson-Holt;1984;1183355;Pierce Group
802;Brown Ltd;2010;3883129;Rice, Hunter and Arnold
803;Burton-Olsen;2019;7644445;Taylor Group
804;Taylor Group;2008;1250739;Williams, Gonzales and Proctor
805;Schultz-Molina;2015;8850915;Heath-Wagner
806;Hoover, Salazar and Swanson;2014;7581501;Obrien, Olson and Moore
807;Dougherty and Sons;2015;4022409;Oneal, Mccall and Mckinney
808;Taylor Ltd;2017;6992332;Friedman-Hanna
809;Romero-Palmer;1997;5086839;Wright, Mckay and Anderson
810;Daniels PLC;1990;142426;Robertson Ltd
811;Miranda, Perkins and Walton;2005;6269250;Oconnor-Lozano
812;Holloway-Huang;1973;7805112;Kennedy-Peters
813;Shaw-Johnson;1993;6751727;Perez PLC
814;Richardson-Lopez;2022;5165656;Lopez and Sons
815;Reid-Chavez;2012;774798;Reyes-Myers
816;Case-Bernard;1991;4283021;Klein PLC
817;Gomez Ltd;1983;6967725;Figueroa, Blackwell and Bennett
818;Ramos-Lang;2021;2001923;Miller Inc
819;Kirk Group;2007;6459510;Johnson Ltd
820;Cortez, Sanchez and West;1975;4921860;Sparks Group
821;Hendrix-Martin;2015;500654;Mullins, Aguirre and Abbott
822;Bean-Lee;2022;2746515;Ortiz Group
823;Campos-Sheppard;1998;7634987;Orozco, Hodge and Smith
824;Steele, Martin and Oconnor;2015;3064073;Lang, Allen and Flores
825;Foster-Hood;1999;3308776;Coffey LLC
826;Reilly-Hale;1979;7127073;Adams, Cobb and Turner
827;Ochoa-Bowman;2012;4689765;Dominguez, Williams and Nguyen
828;Bass-Church;1970;2824608;Salinas, Smith and Arnold
829;Miller LLC;1976;722930;Lewis-Chaney
830;Duran Group;2004;3615084;Flores and Sons
831;Elliott, Reynolds and Harris;2018;5760872;Smith-Hanson
832;Estrada-George;1979;7336356;Hebert-Stark
833;Burns, Ward and Ross;2023;7768836;Lewis Group
834;Waters Group;2023;276771;Bowers, Merritt and Grimes
835;Lucas-Rios;1984;3307134;Welch, Lowery and Dixon
836;Riley, Chavez and Valenzuela;1987;1688892;Fuller, Holland and Roberts
837;Warren and Sons;1991;8608649;Harris-Edwards
838;Stein, Mayer and Larson;1971;4244477;Compton PLC
839;Warner, Marshall and Gray;2014;6468128;Riley-Carpenter
840;Price, Vasquez and Brown;2011;2086366;Donaldson and Sons
841;Smith, Nguyen and Thompson;1996;5529045;Mitchell, Mack and Ray
842;Garcia PLC;1973;1942113;Ford and Sons
843;Miller and Sons;2002;4457371;Fisher, Whitney and Holland
844;Crane-May;1981;4222485;Fisher-Arroyo
845;Burch, Griffith and Hogan;1996;7224044;Mitchell, Allen and Parker
846;Foster, Carpenter and Figueroa;2006;6373549;Oliver-Alvarez
847;Massey and Sons;1998;4732799;Miller-White
848;Wise-Walker;1996;5777575;Forbes-Chan
849;Wells-Armstrong;2023;4989438;Wright-Cruz
850;Knight-Ramirez;1991;2637686;Proctor-Carter
851;Jefferson, Garza and Guerrero;2002;2762570;Gonzalez-Johnson
852;Gonzalez-Christian;1998;3016677;Roy-Cooper
853;Arroyo LLC;1997;6354947;Butler Group
854;Collins-Mcgee;2019;1319600;Moreno-Carter
855;Berry, Hayes and Davis;1985;8243724;Wells, Stephens and Caldwell
856;Peterson, Bond and Brown;2012;4921595;Parker and Sons
857;Gutierrez-Thomas;2005;312044;Avery-Baker
858;Harris-Houston;2014;1591706;Adams-Hanson
859;Maldonado-Wilkins;1999;5712967;Jones-Jones
860;Richards Group;1990;2542437;Moore-Jones
861;Ho Group;2021;7475110;Henson-Nguyen
862;Davis Inc;2014;3291447;Rogers PLC
863;Anderson, Jackson and Watkins;1971;928633;Yoder Group
864;Hamilton, Smith and Hernandez;1981;4958444;Roberts Group
865;Jackson PLC;2012;3314441;Allen, Wood and Payne
866;Martinez LLC;2013;3187289;Acosta-Cantu
867;Griffith PLC;1978;4298975;Christian, Beck and Brown
868;Chang, Dougherty and Cooper;1988;6597476;Ayers LLC
869;Peck-Bates;1995;2610452;Miller and Sons
870;Short, Bowman and Rojas;2001;6639492;Barker-Stewart
871;Mann Group;1972;8173605;Edwards-Steele
872;Barnes Ltd;1990;856071;Brewer-Wilson
873;Douglas, Mata and Olson;1997;4963007;Edwards and Sons
874;Flores-Leonard;1989;4467324;Schwartz, Kirk and Buck
875;Johnson-Scott;2012;7958094;Powers-Neal
876;Mitchell PLC;2005;4891328;Eaton PLC
877;Garcia, Montes and James;1994;7721244;Anderson LLC
878;Caldwell PLC;2003;3634446;Graham, Hall and Munoz
879;Martin, Bartlett and Lyons;1978;7777934;Martin-Ramirez
880;Dalton and Sons;1975;2648032;Herrera PLC
881;Green, Lopez and Martinez;1970;4992963;Johnson Inc
882;Davis, Novak and Jefferson;1998;2821803;Huffman, Bailey and Thompson
883;Pearson and Sons;1995;4491569;Farley-Bridges
884;Silva-Miller;1994;8647682;White, Russell and Franco
885;Stevens-Smith;2004;8710471;Hill PLC
886;Stewart Group;1981;1423075;Erickson, Santiago and Avery
887;Stevenson-Parsons;1975;4242586;White-Fisher
888;Morris Ltd;1975;3018609;Short-Cain
889;Schultz-Hall;2019;5766500;Mendoza-Anderson
890;Newton PLC;2021;8083047;Ramirez and Sons
891;Decker-Johnson;1993;4345134;King-Mcfarland
892;Johnston, Wright and Barr;2000;6567655;Brooks Ltd
893;Calhoun-Knight;1986;1336224;Turner, Russell and Chapman
894;Maxwell, Lopez and Davis;1987;858339;Frazier, Rocha and Hunt
895;Young Ltd;2016;4564335;Coleman-Baker
896;Barrett-Porter;1980;3647853;Davis LLC
897;Reese, Moore and Rodriguez;1974;3715095;Phillips and Sons
898;Jones-Tyler;2021;6790198;Smith, Howard and Cline
899;Henry Group;1973;222679;Reynolds-Miller
900;Wood, Hoffman and Ortiz;2005;4318252;Gates, Parks and Allen
901;Webb PLC;2022;3817035;Stokes-Guzman
902;Barnes-David;1986;2472412;Bond Inc
903;Edwards, Thomas and Miles;2016;7820436;Miller PLC
904;Davis-Bernard;1997;6540786;Hernandez, Morales and Taylor
905;Martin and Sons;2022;3487787;Stewart Ltd
906;Evans and Sons;1997;7976304;Ross-Nelson
907;Ward-White;1999;6730924;Jackson, Russo and Wheeler
908;Pena and Sons;2014;2801927;Edwards-Ramirez
909;Smith-Simpson;1971;8106880;Armstrong, Johnson and Harris
910;Nolan, Keller and Blackburn;2023;7005408;Turner-Ramirez
911;Robbins Inc;1996;6502113;Miller Ltd
912;Ramirez Ltd;1989;4731381;Macdonald, Parker and Williams
913;Lopez PLC;1995;3009865;Villa and Sons
914;Boyd Inc;2002;3433180;Smith Ltd
915;Anderson, Rodriguez and Martinez;2016;4050038;Johnson-Barnes
916;Pruitt Ltd;2023;667763;Johnson Inc
917;Patel and Sons;1992;7908150;Tapia and Sons
918;Hunt, Vasquez and Oconnell;2016;4580573;Hardy-Andrade
919;Moore Group;1993;2095143;Kirk Inc
920;Hull, Mccullough and Vasquez;2003;1948468;Martinez, Coleman and Baker
921;Tucker-Dawson;1998;456453;King LLC
922;Quinn, Lopez and Curry;2016;614380;Martinez, Rodgers and Cole
923;Green, Butler and Thompson;1974;2829892;Collins-Morris
924;Decker-Martin;2008;8706236;Alvarez LLC
925;Woods-Jones;2012;8307176;Davis-Ellison
926;Martin Inc;2022;5660365;Mercer-Griffin
927;Patton Inc;1985;3226152;Pearson, Adams and Dodson
928;Becker-Glover;1981;5159748;Anderson, Johnson and Hogan
929;Bryant, Campos and Edwards;2015;2835615;Duncan-Brewer
930;Hutchinson PLC;1978;3454961;Davidson, Small and Schultz
931;Hill-Mitchell;2004;2099844;Wright-Flores
932;Ruiz Inc;2007;7109658;Cook-Fry
933;Patterson Group;2001;6403622;Black PLC
934;Taylor-Jefferson;1996;3208020;Freeman-Bell
935;Patterson Ltd;2020;166479;Evans, Chung and Jimenez
936;Rowe, Ramirez and Young;2022;5396487;Davis Ltd
937;Evans and Sons;1979;1571838;Morgan-Abbott
938;Gonzalez Inc;1998;974787;Romero and Sons
939;Daniel-Cochran;1978;4718210;Bond, Coffey and Howard
940;Kirk Inc;1975;4586291;Miller-Russell
941;Cameron Inc;1985;7196325;Chen, Mcknight and Skinner
942;Wood-Horn;2003;8520466;Frank Group
943;Rowe, Bradley and Alvarez;2004;427494;Smith PLC
944;Rivera Ltd;1988;1816606;Hubbard-Clark
945;Johnson, Gilbert and Turner;2012;7585816;Zimmerman-Fletcher
946;Mitchell-Clark;2008;7266467;Briggs-Lewis
947;White Inc;1983;5917452;Fischer Ltd
948;Wells Ltd;1973;5232669;Frederick, Williams and Williams
949;Ortiz-Henry;2012;4066319;Gamble and Sons
950;Stewart, Conley and Levine;2018;361525;Henry, Byrd and Dunn
951;Ellis-Lawson;1978;6789897;Vincent, Ward and Hall
952;Moore Ltd;2011;7316138;Bowman, Martinez and Cole
953;Mclean-Kemp;1986;609563;Berry, Robertson and Luna
954;Young-Olson;1975;576782;Schmidt-Brown
955;Hess and Sons;1970;5475580;Chavez, Robinson and Allen
956;Lee PLC;1977;7386723;Fields-Rodriguez
957;Pineda, Kennedy and Wilson;1991;3224220;Johnson, Snyder and Williams
958;Daniels-Torres;1999;5155786;Malone Inc
959;Powell Group;2005;2583458;Morrow-Kelly
960;Beck PLC;2016;1343207;Peterson-Miller
961;Bryant-Joyce;1974;6325401;Smith-Ortega
962;Huffman, Ray and Cline;1996;8426716;Salas, Frye and Mcbride
963;Williams PLC;1978;5774602;Thompson-Stanley
964;Barrett Ltd;1972;4733110;Williams, Dean and Carson
965;Carter and Sons;2009;6156135;Whitaker, Strong and Davila
966;Hoffman-Morrow;1987;3481895;Carroll Inc
967;Mills PLC;1977;6206975;Bartlett Inc
968;Fernandez PLC;1975;7630557;Smith-Reeves
969;Ross-Garcia;1975;1865648;White, Alexander and White
970;Kline Inc;1973;1309169;Carpenter-Walker
971;Fry-Lara;2022;3689847;Robinson PLC
972;Larsen-Curtis;2018;2560581;Williams, Oliver and Ramsey
973;Becker and Sons;2003;1570477;Maldonado Group
974;Khan Ltd;2008;3493780;Miles, Mills and Gardner
975;Harris Inc;2011;7045929;Gardner-Brooks
976;Stevens Ltd;2004;5224274;Nelson PLC
977;Jones Inc;1974;2482011;Kim-Perry
978;Freeman, James and Banks;1997;5335088;Stokes-Clark
979;Anderson-Short;2017;4646987;Duran, Christian and Moore
980;Garza Inc;2006;7415612;Walls, Freeman and Hernandez
981;Graham Ltd;1998;4842353;Bowers, Smith and Harris
982;Rice-Castillo;2015;7551829;Baldwin, Butler and Smith
983;Richardson-Sandoval;1995;4603494;Johnson Inc
984;Gregory LLC;1994;2436846;Walker, French and Rivera
985;Shaw LLC;2019;2070360;Jennings, White and Holmes
986;Hayes, Duncan and Hahn;2020;2552432;Anderson-Vega
987;Leonard-Petersen;1985;1566081;Martinez-White
988;Rodgers LLC;2010;3239629;Snyder-Patterson
989;Davis Inc;1999;8783458;Morrison, Garcia and Henderson
990;Davenport, Bradford and Roberts;1983;3080135;Rodriguez-Avery
991;Moreno PLC;1975;5935397;Oneal-Evans
992;Espinoza-Mcdowell;1989;4268210;Snow Group
993;Smith, Trujillo and Marshall;2010;5742306;Schmitt Inc
994;Smith-Knapp;2008;6602630;Casey-Morgan
995;Reyes, Thompson and Harper;1976;773022;Paul Inc
996;Bruce, Marshall and Harrison;1976;2614386;Donaldson Ltd
997;Robbins, Barker and Garcia;2023;6442892;Smith, Hooper and Flores
998;Quinn-Santiago;2017;546403;Hurley, Brown and Smith
999;Smith, Dalton and Perez;2019;1905611;Wilkins-Parker
1000;Torres, Green and Adams;1971;1247821;Miller-Williams
